{
    "stylesheet": "client/modules/dubas-dark-theme/css/espo/dark-dubas-horizontal.css",
    "stylesheetIframe": "client/modules/dubas-dark-theme/css/espo/dark-dubas-horizontal-iframe.css",
    "navbarIsVertical": false,
    "recordTopButtonsStickTop": 61,
    "recordTopButtonsBlockHeight": 21,
    "dashboardCellHeight": 155,
    "dashboardCellMargin": 19,
    "modalFooterAtTheTop": true,
    "modalFullHeight": true,
    "fontSize": 14,
    "navbarHeight": 30,
    "textColor": "#333",
    "chartGridColor": "#ddd",
    "chartTickColor": "#e8eced",
    "chartSuccessColor": "#85b75f",
    "chartColorList": ["#6FA8D6", "#EDC555", "#DE6666", "#8A7CC2", "#c1834d", "#4E6CAD", "#ED8F42", "#d69cc7", "#bfbfbf"],
    "chartColorAlternativeList": ["#6FA8D6", "#EDC555", "#DE6666", "#8A7CC2", "#c1834d"]
}
